id;name_admin_emp;email;activated;actition_key;reset_key;reset_date
1;hack;"";false;Fantastic Gorgeous;PNG strategic Frozen;2020-03-19T17:17:32
2;CSS Creative white;"1Q";true;Granite Money Market;encompassing;2020-03-20T05:17:51
3;IB;"tV";false;matrix cultivate;Health;2020-03-20T14:51:54
4;Gorgeous Metal Tuna;"pbcn";false;hack Savings Account;Awesome Granite Bike;2020-03-20T03:24:50
5;National fault-tolerant Credit Card Account;"m";false;Internal Marketing G;Somali Shilling Prin;2020-03-20T07:17:15
6;parse Compatible;"ROp";false;Pass New Jersey grow;content-based AI;2020-03-19T21:46:45
7;bluetooth bandwidth;"4pUs";true;transmitting Meadow;back-end functionali;2020-03-20T01:30:21
8;tertiary;"PFDf";false;Home Loan Account mi;Cliffs capacity;2020-03-20T13:03:35
9;Home Loan Account;"1TcdO";false;context-sensitive;digital Taka overrid;2020-03-20T06:05:45
10;Kids Awesome Fresh Fish Up-sized;"";false;Tools Incredible non;withdrawal Savings A;2020-03-20T09:59:51
