id;name;bi;image;num_prisioner;num_cell;data_nascimento;balance;working;jhi_password;profile_image;profile_image_content_type
1;Intelligent;57514;Overpass local;19580;39272;2020-03-20;14886;70042;bypassing Buckinghamshire;../fake-data/blob/hipster.png;image/png
2;withdrawal;52423;withdrawal granular indigo;15683;43427;2020-03-20;68708;37790;open-source JSON Expanded;../fake-data/blob/hipster.png;image/png
3;Garden Massachusetts Bike;27031;Dalasi deposit Strategist;56068;90281;2020-03-19;91216;18189;port parse pixel;../fake-data/blob/hipster.png;image/png
4;bandwidth-monitored Ball;62426;auxiliary;76991;27406;2020-03-20;46665;81320;encryption;../fake-data/blob/hipster.png;image/png
5;Oregon;24418;1080p Investment Account index;42346;22217;2020-03-20;1349;94191;black;../fake-data/blob/hipster.png;image/png
6;visualize Union;60831;methodologies mission-critical;48589;71332;2020-03-20;88291;51487;application;../fake-data/blob/hipster.png;image/png
7;multi-byte salmon invoice;84930;hybrid;48267;51611;2020-03-20;18194;33423;bi-directional bypassing;../fake-data/blob/hipster.png;image/png
8;optical mission-critical Customer;12974;bypassing;54689;63280;2020-03-20;61379;71181;transmitting;../fake-data/blob/hipster.png;image/png
9;benchmark;27261;didactic Books;96091;87917;2020-03-20;84322;29550;Chad Australian Dollar;../fake-data/blob/hipster.png;image/png
10;neutral;63717;hub ivory Fantastic;77023;57103;2020-03-20;88686;82757;quantify;../fake-data/blob/hipster.png;image/png
